N,expected_heldout,ci_lo,ci_hi
1,0.04105,0.03808,0.04375
2,0.04122,0.03824,0.04388
4,0.04093,0.03795,0.0436
8,0.04074,0.03788,0.04352
